id,first_name,last_name,password,mobile_number,email,kakao_id
1,Rebekah,Johnson,abcdeft123,010-4600-3048,Glover12345@email.com,88628880
2,Fabian,Predovic,abcdeft123,010-8529-4227,O'Connell12345@email.com,92742493
3,Elenor,Gottlieb,abcdeft123,010-7876-2287,Skiles12345@email.com,38704045
4,Madge,Ledner,abcdeft123,010-5153-1051,Quitzon12345@email.com,25919708
5,Zelma,Kunde,abcdeft123,010-7035-2324,Kozey12345@email.com,49764982
6,Destiney,Skiles,abcdeft123,010-0748-7723,Homenick12345@email.com,43458331
7,Buck,Kovacek,abcdeft123,010-4905-1562,Spencer12345@email.com,17171721
8,Pete,Stokes,abcdeft123,010-6347-5976,Smitham12345@email.com,39138823
9,Lydia,Herzog,abcdeft123,010-3956-8379,Harris12345@email.com,91457667
10,Danika,Strosin,abcdeft123,010-9439-9375,Gulgowski12345@email.com,83089160
11,Eulah,Gottlieb,abcdeft123,010-5228-5320,Murray12345@email.com,18399312
12,Beatrice,Kshlerin,abcdeft123,010-8436-3857,Nienow12345@email.com,35262003
13,Margarete,Reichel,abcdeft123,010-5432-9406,Krajcik12345@email.com,63901195
14,Nikita,Baumbach,abcdeft123,010-8030-4032,Kemmer12345@email.com,69402675
15,Arnulfo,Schroeder,abcdeft123,010-2048-5439,Bednar12345@email.com,36783457
16,Richie,Zulauf,abcdeft123,010-4108-8824,Koss12345@email.com,66072789
17,River,Rippin,abcdeft123,010-8406-9228,Wolf12345@email.com,38580403
18,Velma,Beahan,abcdeft123,010-2057-1154,Weber12345@email.com,83897201
19,Niko,O'Connell,abcdeft123,010-3452-8593,Ayo12345@email.com,42470195
20,Fermin,Beatty,abcdeft123,010-6893-4027,Wintheiser12345@email.com,79813015
21,Aron,Champlin,abcdeft123,010-7406-5879,Towne12345@email.com,65764380
22,Palma,Stoltenberg,abcdeft123,010-9332-8301,Pfannerstill12345@email.com,69514803
23,Ashley,Keeling,abcdeft123,010-5178-9986,Wiegand12345@email.com,25258853
24,Regan,Casper,abcdeft123,010-6472-7114,Ritchie12345@email.com,16217923
25,Myriam,Hansen,abcdeft123,010-3290-1221,Hansen12345@email.com,37259452
26,Wendell,Bergnaum,abcdeft123,010-3644-9602,Runolfsson12345@email.com,40787843
27,Lilyan,Kutch,abcdeft123,010-5062-6889,Klein12345@email.com,42578718
28,Fannie,Wilderman,abcdeft123,010-6478-8596,Hahn12345@email.com,65838883
29,Kayden,Treutel,abcdeft123,010-5205-2072,Kohler12345@email.com,23211583
30,Jovani,Daniel,abcdeft123,010-9077-5796,Bernhard12345@email.com,96236533